Estimators:,AutoARIMA,AutoETS,DrCIF,NBeats,Naive,QUANT,Ridge,SCUM,TimeCNN,d-DrCIF,d-QUANT,d-TimeCNN
australian_electricity_demand_dataset_T1,129.7412667548634,122.84052772863421,122.62097425783325,81.48457953854171,251.11354186666668,64.96331154699992,47.70021618942234,93.20293269991092,1157.9007594968748,40.03315137866672,34.1163006590002,124.42441020641066
australian_electricity_demand_dataset_T2,119.28919472502007,112.27797256435451,103.2750946986667,66.24113932343752,129.4281566666667,89.61751506166617,62.14895211863209,75.4192914872608,446.16603194166663,54.71946444900007,50.63941977133341,68.49926740645755
australian_electricity_demand_dataset_T3,58.598017299989884,57.93362834537188,49.14107276466651,60.928893172395796,133.57547713333332,40.10044199333387,39.53719364620918,53.88737222654842,736.5120327526041,32.2418408353334,31.04396130166674,72.1398124090577
elecdemand_dataset_T1,0.08456210972437338,0.08467250531750868,0.0792118300313333,0.08645079717276202,0.18648202353333335,0.09841117252133261,0.044849981394403396,0.049126550466027936,0.12397464205019942,0.03393127366000002,0.03310213821299991,0.04329466818568117
electricity_hourly_dataset_T1,3.6920940785440894,3.23077341899184,3.7245000000000004,3.7824103832244873,4.466666666666667,3.374666666666667,3.5355419613607624,2.693280391220898,3.717902994155884,4.351333333333333,3.6166666666666663,6.079684188961982
electricity_hourly_dataset_T2,5.758723696144925,6.082172204628237,2.721166666666667,3.6016774495442707,6.566666666666666,2.040833333333334,3.8735815329857997,4.248640940184001,5.348964182535807,2.815166666666665,2.684166666666667,4.019628581901391
electricity_hourly_dataset_T3,1.4518361674074214,2.117201156481218,1.6038333333333334,1.7434884071350099,1.3333333333333333,1.3918333333333335,1.488580178798145,1.259805936181124,3.150024652481079,1.2956666666666665,1.36,2.074212390432755
kdd_cup_2018_dataset_without_missing_values_T1,5.8079489036916465,6.190423326115438,9.381166666666667,6.021449979146322,5.633333333333334,6.466166666666665,5.5964395028014815,5.873023378638511,21.479949235916138,5.4463333333333335,6.122833333333332,6.894405442476272
london_smart_meters_dataset_without_missing_values_T1,0.06971277768977248,0.07473815894994713,0.06251833336666665,0.08324648363391557,0.0747,0.06279433340000007,0.06209340204217891,0.07667019962766074,0.09394062161842981,0.0725105002,0.08108700001666665,0.06949527148803075
london_smart_meters_dataset_without_missing_values_T2,0.13470640866659744,0.1351099068685709,0.1501884999333334,0.18297731637557346,0.13903333333333334,0.13010483330000003,0.14132757057726864,0.12252891199262109,0.17743823334376016,0.14154333335,0.13317466671666664,0.15014035226938624
london_smart_meters_dataset_without_missing_values_T3,0.40365651325559,0.30742191927510876,0.34547418211666664,0.3215803906372326,0.28093336333333335,0.2996148475999999,0.2780155346514127,0.265692364381353,0.42014205224403384,0.2751086994,0.2856028662833333,0.39039485213166164
m4_daily_dataset_T1,6.473328855006108,6.6011441764852865,12.400116666666653,32.92733642578127,6.603333333333315,11.36756666666685,6.3918431163796186,6.273198742466161,564.1857454427083,6.608000000000031,6.840766666666635,7.162344920635201
m4_daily_dataset_T130,110.67164293460131,131.9986243763821,137.49145738333326,173.54463726562503,111.50088000000011,127.96507618333229,112.19965491311638,110.30000085803155,1112.9968774739582,121.83566485000016,123.61277791666683,108.8147702293842
m4_daily_dataset_T131,277.39132360028117,277.3115858464755,427.125,383.59837239583334,183.33333333333334,345.0,323.92811534611434,228.41078096301655,3545.78955078125,259.03758261213574,225.24933333333337,192.85437465906142
m4_daily_dataset_T145,54.889632041989294,54.7785638814219,88.16958333333369,296.71619791666666,55.03666666666677,76.87860000000191,59.08304586856217,54.26595435993998,1918.0990787760416,54.88228333333355,58.5886166666668,59.55926478465414
m4_daily_dataset_T1604,58.130451406209055,58.39123844173273,71.68782513333319,111.97129511718747,57.79040333333332,64.45665063333401,69.83058270575458,58.27779209282168,2231.8028644986975,67.39759263333328,65.58824633333329,65.56298469439344
m4_daily_dataset_T1605,7.098014496294324,7.239692294410929,18.359631666666733,26.209833333333297,7.0903333333333425,13.199559999999996,6.983899663395239,7.039566953535078,656.4422416992188,7.637868333333358,7.689576666666676,9.320185170412053
m4_daily_dataset_T1606,56.01226612386666,55.654285805047586,97.97148333333341,125.46033203124989,55.79000000000003,80.23666666666959,55.98778765822032,56.77118941234724,1677.5048893229166,55.275116666666875,54.82344999999993,57.5367256100971
m4_daily_dataset_T1607,184.48689650793338,190.68770724017776,355.2417333333329,649.5131770833335,190.12333333333336,317.4385166666627,210.98460418638302,188.57321812516238,22795.654576822923,184.17929999999967,194.80446666666623,187.2192601021132
m4_daily_dataset_T1614,32.57847653370621,33.17389865038323,69.18322999999997,43.001388183593754,33.60066666666668,52.44911500000056,37.53050415675957,33.44433685411915,343.27593326822915,30.676393333333333,32.27548333333331,36.49804494178297
m4_daily_dataset_T1615,91.3296934377402,91.77993306996835,92.48393333333334,95.14993164062496,91.83333333333319,92.03778333333214,92.24155755318121,91.37878777527233,636.7529036458332,97.29506666666654,99.58023333333331,106.39622747103358
m4_daily_dataset_T1634,6.9256297697373,6.831270121608509,9.754100000000047,27.283195800781247,6.853333333333338,8.721600000000187,7.933190678187968,6.848254842427491,211.79881103515623,7.217633333333334,7.941616666666657,11.206872718135498
m4_daily_dataset_T1650,184.38622432576233,241.74443389326117,221.795,314.77916666666664,184.33333333333334,217.50041666666667,205.02621885200966,187.6282088954132,401.731298828125,183.65916666666666,187.21375,207.97518966197967
m4_daily_dataset_T2,16.713989663459035,16.661018527440742,18.818150000000013,58.65482584635415,16.63333333333332,17.807600000000306,21.0668455867386,16.692988279022106,35.751442057291676,17.47046666666664,17.533733333333323,16.961485700607273
m4_daily_dataset_T2036,34.34955290474154,34.589353128101145,46.37198499999986,89.12207747395841,34.15200000000007,44.558516666665795,34.39525738078925,34.17919385608827,2271.022831380208,35.273080000000085,36.36257666666664,40.706862838943835
m4_daily_dataset_T2037,4.145589238924943,4.164899569483934,4.301113333333311,24.158631510416665,4.204333333333367,4.290396666666856,4.581096340835226,4.171597236896347,76.96163444010416,4.4132116666666965,4.615728333333376,5.185931248426444
m4_daily_dataset_T2041,44.069810033246355,45.18338232696842,51.92880609986681,133.5636245115417,45.2848494736666,54.09695958119913,51.64705616327501,44.48848263348421,65.12523011291657,48.34714404565823,50.15842822954819,47.170802065226326
m4_daily_dataset_T3595,133.6902619832399,122.08963700321395,164.97871716666663,277.81037656250004,124.97206666666679,163.24487516666122,64.9414782571955,122.87068203930248,8036.45590377604,87.23872316666669,91.89914816666672,115.41852361405702
m4_daily_dataset_T3597,8.422021557831265,7.639864278709641,9.136365000000001,14.654358968098961,7.630666666666661,9.00812333333308,8.332651346978517,7.948323207554169,216.04070670572912,7.300409999999991,7.8255916666666625,10.340667306780825
m4_daily_dataset_T6,55.149164630957266,54.927814600678204,70.35006131666668,74.9131013932292,58.12652000000004,64.9422221000007,65.61566689769818,55.86913154790425,1999.374538463542,63.601378550000085,61.7264168333334,60.16842471979465
m4_hourly_dataset_T170,0.23061437387214062,0.22946312825303383,0.07290000000000027,0.8211823145548502,0.8233333333333334,0.07775000000000366,0.04468939461681778,0.05795939407950866,0.09379810333251987,0.04818333333333318,0.05008333333333267,0.05315724963943147
m4_hourly_dataset_T171,0.22775589441859612,0.26534699515525334,0.044066666666666046,0.3901418876647952,0.7666666666666665,0.0559333333333272,0.03989861297902853,0.4172059426134034,0.11676614761352534,0.04418333333333362,0.046666666666666676,0.08311238492528622
m4_hourly_dataset_T172,0.24700697651514894,0.25252632364147315,0.09728333333333399,0.3491530863444009,0.8933333333333333,0.13095000000000237,0.036159493910531165,0.06996531267744607,0.09031239827473965,0.05235000000000021,0.05221666666666766,0.05487426126996707
m4_monthly_dataset_T122,416.82694830155646,418.9231720746294,632.7416666666667,800.1615885416667,440.6666666666667,503.47499999999985,480.80144726526055,435.0688801742459,9985.139143880207,416.94999999999993,422.42499999999984,452.05035835901896
m4_monthly_dataset_T145,79.2686273799034,73.83278660254291,73.80833333333321,450.855859375,66.0,67.7950000000002,82.72150122316513,74.85332644749009,9909.857942708333,76.85666666666657,84.52999999999993,69.68164692719778
m4_monthly_dataset_T17051,30.556954734015676,27.518754297252297,42.85157963080356,57.57351074218749,28.356666666666644,33.24570316827401,36.40728511404268,27.67941316131259,2706.7043173828124,32.53334104383625,41.281030865360535,32.990202375411975
m4_monthly_dataset_T17088,732.1280624071311,166.33125260801827,244.94869176666705,261.03292156250006,956.9555300000003,294.58150269999993,159.08787000964128,384.54506269282626,1145.1117644791666,176.6992124166668,183.50009681666643,721.2834632462567
m4_monthly_dataset_T17132,10.306665279974435,10.510582362463564,12.74110889721666,17.63584790695313,10.088756593333327,13.05588070663343,9.171430686662905,10.428458616036169,18.302704087734387,10.71576443421667,10.153180045350007,12.717893550586757
m4_monthly_dataset_T17146,11.64474749400398,12.152719051381917,29.739451835666653,40.79326444437498,10.685451300000004,22.413471690266725,16.45065639016485,11.24165588914727,110.08737333645834,13.994079775533354,13.730851036383353,18.022712413525312
m4_monthly_dataset_T180,46.850029984116915,40.3459172446422,102.21799999999985,193.7658203125,38.166666666666664,88.24800000000002,50.479829978166585,43.66710290052736,7023.837833658854,46.45149999999994,52.57983333333329,56.64642113745212
m4_monthly_dataset_T186,212.49508402060226,196.57347948671182,209.52166666666685,573.7716796875,187.33333333333334,260.53833333333324,535.2427437676928,194.4789269403923,14933.079345703125,196.70166666666677,200.08666666666673,204.52196869850158
m4_monthly_dataset_T26710,1.7277836513780964,1.3074346879305645,9.906926009016676,14.999619597005202,1.2546417900000126,6.844888733666808,3.21931058849284,1.4271808128778996,3.41031394994792,3.1462080104166525,5.694705307733341,4.867363575892091
m4_monthly_dataset_T27138,414.3374429249109,396.10970502185216,1020.6916666666665,837.1040364583333,425.3333333333333,573.3683333333332,1170.1839569120382,431.91934653191277,15834.102473958334,439.8850000000002,455.11999999999995,438.4820324023565
m4_monthly_dataset_T27170,815.2748151808092,833.3478223396135,910.8183333333335,1092.8901041666666,815.3333333333334,858.9166666666666,1013.4083822794094,814.7889890281836,10926.560953776041,825.2733333333331,808.5649999999999,810.7258020242056
m4_monthly_dataset_T27175,654.6406112153442,645.486351904571,1994.448333333333,1019.3865234375,660.0,1321.6983333333335,1101.262524429873,643.3596905259892,6130.621516927084,671.9466666666667,692.7950000000001,698.0763856728871
m4_monthly_dataset_T27186,438.5011757052491,460.1793501367971,571.7466666666666,566.8004557291666,461.6666666666667,537.1666666666665,505.4777416641286,458.88246175605747,2462.7102213541666,474.2750000000002,489.57500000000005,473.3720647394657
m4_monthly_dataset_T37009,133.29512834597128,130.57135422802992,231.79999999999964,619.0602213541666,153.33333333333334,172.54333333333344,202.22244991069698,151.89697791257737,12109.736149088541,127.46666666666667,128.74499999999995,153.78317899703978
m4_monthly_dataset_T37070,121.10819353572916,125.37217690272495,139.97166666666672,449.0035807291667,115.33333333333333,143.68000000000004,158.39737225038905,113.71674712450816,12267.043424479167,138.50166666666675,147.87500000000026,115.13533569176992
m4_monthly_dataset_T37238,114.42711967794165,119.87731549684135,287.2126666666667,186.50690104166668,118.86666666666666,194.2191666666667,142.2699591245447,114.52567191963857,1947.4264485677083,114.3326666666667,113.08699999999999,117.15199918746949
m4_monthly_dataset_T37248,32.32239575446342,31.62610015251126,107.6195,52.427510579427086,32.06666666666667,73.27983333333334,32.78165726896351,34.81457955158714,383.0747497558594,30.763166666666653,31.63216666666667,31.79921727180481
m4_monthly_dataset_T47915,67.9942521855832,67.96678267150216,214.44316666666663,141.78572591145834,67.96666666666667,106.98300000000005,76.3360881745098,65.87126538777957,1930.507763671875,77.575,72.09599999999995,77.21988062858581
m4_weekly_dataset_T1,356.3167984301877,375.9045529230488,599.1587783333339,731.720213541666,314.5206666666663,504.7453883333384,285.90812664186063,349.15610584850026,27680.649170572917,369.12094166666645,403.9028699999998,354.05225790659534
m4_weekly_dataset_T19,673.5517634272596,792.9764189563539,564.6803333333335,404.3977457682292,741.7333333333333,516.5615,455.09153936244405,452.2331066736605,2863.392122395833,539.7125000000001,615.7863333333333,671.1216083889207
m4_weekly_dataset_T2,54.416177495876475,58.34795260279535,69.47606316666666,99.2140154947917,55.50606666666666,51.82500666666703,50.881014756807254,56.93256883269234,2547.2620025716146,51.49504816666664,55.73936933333334,59.98615857597985
m4_weekly_dataset_T20,484.5097129046784,516.9146284679059,303.1555,204.50122884114583,514.6333333333333,307.4031666666666,251.09553540419253,237.10649872613655,472.8556640625,273.3095,300.13966666666664,460.5638016382853
m4_weekly_dataset_T21,387.67289803354845,407.4853129614236,389.19550000000004,273.8735107421875,425.26666666666665,403.0676666666665,305.18643295074685,284.01808875556924,1843.1112630208333,369.9325,414.487,387.59901746114093
m4_weekly_dataset_T224,57.70585326012335,56.80963023976567,40.29164033333334,44.56893092447915,60.70153333333331,38.03374083333336,28.78340264209699,29.111228612587926,814.9231276041666,27.579802333333326,25.049803166666667,45.14621474386848
m4_weekly_dataset_T225,110.30910068372064,110.5297539312759,110.39826666666669,79.24342773437496,111.42000000000003,108.98983333333372,58.01285870241806,58.84918790971508,1318.8217317708336,77.43646666666669,80.12666666666672,113.74259797414146
m4_weekly_dataset_T226,84.4260324479309,89.54856452404633,78.95366666666662,70.17169921875004,97.17,79.22673333333299,48.26192006814281,90.4883053071176,620.4451741536458,68.76236666666665,58.1175166666667,77.07650319735208
m4_weekly_dataset_T227,72.01342314252224,74.95134815207402,99.41961666666663,55.410610351562504,68.40333333333335,88.5969999999996,52.37907563209091,46.70454351790934,1422.4202962239583,50.125233333333355,55.344483333333336,55.148427496751154
m4_weekly_dataset_T248,302.14680036410203,458.8711468623714,366.0829333333324,296.4818098958334,470.8533333333332,277.26788333332604,155.64836361247302,303.9549059118911,10795.434775390626,164.4332166666667,214.10693333333353,503.5436140410103
m4_weekly_dataset_T249,339.54790365446013,465.2812366829636,650.2405183333336,512.4191302083331,308.31100000000004,562.2521450000052,241.85071542693657,307.6970620665601,18665.952408203117,360.89961333333326,385.8519983333333,337.4697363030117
m4_weekly_dataset_T250,65.68612679691608,53.65513800669243,58.81409999999992,65.41822102864585,113.04666666666665,50.73398333333377,26.098714177431034,46.06918617384822,2092.949659830729,26.96133333333334,29.227499999999978,70.3414373906453
m4_weekly_dataset_T55,135.49000962927232,133.9911963497806,191.07249999999996,209.6550048828125,139.66666666666666,169.62883333333332,164.16783988000714,148.41467124365101,328.0353515625,134.46349999999993,136.4758333333334,148.92868766784667
m4_weekly_dataset_T56,16.277448561969816,16.314414473386606,49.62616666666665,49.84331461588542,81.3,97.36616666666666,20.729419364819986,22.685946386315194,714.5338460286458,15.241666666666681,14.823166666666634,19.74469165802002
m4_weekly_dataset_T60,60.82311232038573,60.158198993925545,89.79356166666663,246.48577473958332,58.862000000000144,78.61651666666651,62.367132695675416,57.802735994344886,287.0162864583336,60.03485000000025,60.412331666666915,68.30797030087318
m4_weekly_dataset_T61,253.67007943812314,443.81420216942274,353.27853333333366,273.6983333333335,399.1900000000001,272.7562833333353,141.9906872640174,282.6437807800096,7429.378712565104,175.0975500000003,188.2695666666671,434.757510457039
m4_weekly_dataset_T62,70.73069732947242,86.59597694221416,93.81745000000001,136.52475260416674,67.89000000000009,87.68278333333332,44.06311780956924,64.92737283395643,3292.423994140625,49.85641666666676,55.441333333333446,80.26215208212537
oikolab_weather_dataset_T1,0.46580486032872365,0.44051822956352654,0.8892500000000003,0.40341418711344407,0.49266666666666653,0.5482933333333343,0.19512899875365294,0.24310938906752172,0.8442635854085286,0.2132266666666667,0.23219666666666683,0.2605725528597833
oikolab_weather_dataset_T2,0.18915357163035712,0.19695400870606675,0.5353666666666667,0.3219095242818196,0.23733333333333337,0.3381533333333297,0.2023822294031485,0.25104430491178087,1.6189002660115557,0.19203333333333333,0.19497833333333328,0.3105161168028911
oikolab_weather_dataset_T3,0.25953098347035153,0.38124389810534715,0.6185516666666666,0.31014596176147463,0.30300000000000005,0.3429033333333334,0.2370710079833523,0.2658329791091722,1.0026818834940592,0.26629333333333344,0.26197500000000024,0.32110929206262034
oikolab_weather_dataset_T4,39.70769756232718,38.844001037301496,84.42292500000137,877.2496979166676,39.75933333333281,44.0371016666458,48.80669917747194,38.78417078167113,389.44838541666684,28.712746666666256,29.49858000000095,44.24685079574556
pedestrian_counts_dataset_T1,193.3315881956231,196.06180503826442,93.33666666666664,79.15318861007691,234.7,90.68033333333332,145.9027759203848,155.08415738592612,250.65966612497965,75.8865,74.32300000000001,175.2140541712443
pedestrian_counts_dataset_T2,258.5403252376291,260.17211979744644,93.79716666666667,91.28406340281168,314.0,79.88200000000002,160.91270106654054,173.84717469491727,948.3394775390625,85.36266666666667,80.36566666666667,210.04615961710613
pedestrian_counts_dataset_T3,220.0226783724403,529.1228066314432,112.416,93.85061492919922,273.03333333333336,104.05316666666666,118.86313709540926,124.21994741715707,231.873739306132,92.45466666666667,92.81966666666666,152.10844171841939
pedestrian_counts_dataset_T4,230.16867731076212,221.8147482778732,132.67233333333334,95.34266510009766,308.8666666666667,118.14650000000003,172.9059383479488,139.4462063351016,980.231396484375,88.84,89.59300000000002,149.43859837849934
pedestrian_counts_dataset_T5,231.1508556068571,228.54934688399544,128.82000000000002,102.90623029073079,225.43333333333334,107.53500000000001,175.90986115415717,141.38445349243023,331.12878977457683,112.41533333333332,115.62416666666668,138.99955943425496
saugeenday_dataset_T1,3.74838024169465,4.171306153284966,6.732066666666668,4.702450993855793,4.286666666666665,5.4610166666666675,4.361985929561908,4.186084299202616,17.852737846374513,4.266400000000001,4.172483333333333,6.426124092340469
solar_10_minutes_dataset_T1,6.043146276497632,5.992449889457564,5.730824999999999,6.137512432932854,5.910000000000001,5.242841666666667,5.779509728423686,5.732988548807179,7.812923643688363,5.367416666666667,5.179866666666666,5.727281931142012
solar_10_minutes_dataset_T2,1.1089956815709352,0.8159963137866569,0.7027,0.8193435835217436,1.0083333333333333,0.6295249999999993,0.8485106293165484,0.9392780707522993,1.428955777088801,0.8027083333333332,0.7369083333333333,0.9650925839940706
solar_10_minutes_dataset_T3,0.5028245767827845,0.5066651168218232,0.6110249999999998,0.5649557878077031,0.5749999999999997,0.5078416666666665,0.5425324773302415,0.6971849217799257,1.542114292383194,0.4793166666666666,0.43887499999999996,0.5671720402936141
solar_10_minutes_dataset_T4,1.1593121620276956,0.8300144448825866,1.1263500000000002,0.9152569893499217,0.9216666666666666,0.8984333333333328,0.8576216148355724,0.9606354163971372,1.9673171965032814,0.9072666666666667,0.9125750000000001,0.9770944852630298
solar_10_minutes_dataset_T5,3.733249167331413,3.7848040470570927,4.719449999999998,4.498090339054662,3.8566666666666665,3.811174999999999,3.7867112713389637,4.364037600072291,11.44169636686643,3.680154166666667,3.4556750000000007,3.546600114107131
sunspot_dataset_without_missing_values_T1,22.91023750067227,23.94625943103973,22.67783333333334,26.31565933227539,24.033333333333335,22.526333333333337,23.04586839158214,23.78059859516218,26.3840695699056,25.06366666666667,23.924999999999997,28.680833840866885
traffic_hourly_dataset_T1,0.004310852957992819,0.003500549210222255,0.0023010999999999986,0.0036400135571012905,0.004276666666666667,0.001776399999999996,0.006098126950784896,0.010961526429397314,0.008409601173400878,0.0013369999999999999,0.0012840166666666668,0.008334687554507206
traffic_hourly_dataset_T2,0.005366770650144793,0.0029272203004411645,0.0013791000000000005,0.0024167433167497318,0.003413333333333333,0.0010686500000000039,0.004736901891194547,0.008256874881917895,0.00544217214713494,0.001667383333333333,0.0015752166666666656,0.0052794109350567065
traffic_hourly_dataset_T3,0.02128056945220922,0.01864566646994455,0.014112249999999996,0.018495995846490067,0.018956666666666667,0.009845083333333315,0.017057568611993906,0.017582283034196986,0.02190070040305456,0.013119599999999999,0.0127031,0.017202409845789277
traffic_hourly_dataset_T4,0.005256456552097213,0.004312840396089564,0.002156916666666666,0.002008744828899701,0.004440000000000001,0.0017399166666666626,0.004241594890739501,0.007232233989798151,0.005482856476306915,0.0018034833333333325,0.00157595,0.003658451587893068
traffic_hourly_dataset_T5,0.002426203400600429,0.002594628034771335,0.00345215,0.0041546042141815025,0.0019800000000000004,0.001804700000000002,0.004543585323306349,0.006995464870589037,0.006585113423814377,0.0024834333333333338,0.0021566166666666664,0.005328126652870948
us_births_dataset_T1,893.8238413563325,461.5997532448354,419.7205,402.62298177083335,1014.4,422.8336666666668,346.22579179448263,515.9375611071778,1446.64921875,369.7691666666666,364.3370000000002,532.5899626731873
weather_dataset_T1,1.3276011341290872,1.2840191442819568,1.7418375173497795,1.5208067719141642,0.6399999999999999,1.2521869250109754,1.3127202039530768,1.158675376046698,1.8313112035393715,1.2877506387702102,1.2698407929359443,2.4066414447625477
weather_dataset_T2,1.425875602224947,1.1299256579546642,1.643720904159132,1.0420268687605858,0.6266666666666667,0.9543876753064094,1.3407873386526141,1.2399965042492043,2.2237894968191783,1.382308788426763,1.153682423146474,1.9141132761041322
weather_dataset_T3,2.5681028932182186,2.6877554138652755,2.391593693671468,2.6004386482636135,1.72,2.1248592263666857,2.4660043357569275,2.647947622236447,3.836290017763773,2.1782522427638655,2.0053705808828366,2.977132481435935
weather_dataset_T4,2.5300319404943736,2.75226545410632,3.7547232246858075,4.42523622122134,1.6379905316576415,3.927994204897653,2.4363240244868476,2.5589755024974736,3.0340380333535397,2.2683213225026395,3.568513887469772,3.794668738708391
weather_dataset_T5,2.2688838480718374,3.191215053566711,3.7521333333333335,4.548683216075102,3.0899999999999994,3.2264166666666667,2.8363925913171486,3.0181877868865987,3.5902946074803666,3.209183333333333,3.2227333333333346,4.841621340314548
wind_farms_minutely_dataset_without_missing_values_T1,0.8268565487538581,0.7668077447137004,0.5621666666666708,3.422821044921875,0.7666666666666667,0.6061666666666611,2.1273798498312924,0.7928141365210118,19.126155598958334,0.8528333333333459,0.753833333333326,2.1367419342199963
wind_farms_minutely_dataset_without_missing_values_T3,1.2710212619676782,1.0317480205078824,0.617999999999995,4.834059651692709,1.0333333333333334,0.6330000000000003,1.81303976215299,0.9294722942779534,2.5030476888020834,1.030666666666669,0.8953333333333375,1.807401503622532
wind_farms_minutely_dataset_without_missing_values_T4,0.9925783093318159,0.6997862710268805,0.60633333333332,5.30589599609375,0.7,0.4578333333333262,1.4401888070196265,0.7562674005765264,2.5733642578125,0.801666666666669,0.7249999999999962,2.4305371393760047
wind_farms_minutely_dataset_without_missing_values_T5,0.008500818927024971,0.0,0.0,0.005994713523735603,0.0,0.0,28.325350967847783,0.18522198595453243,0.13107522924741108,0.0,0.0,0.13514763383815687
wind_farms_minutely_dataset_without_missing_values_T6,0.7959530093009448,0.5605981805173996,0.5723833333333194,3.8717830403645848,0.560000000000006,0.5593999999998952,0.8029596748236562,0.5416313418978802,3.929951985677091,0.8839833333333369,0.7049333333333342,2.225028658062221
