Estimators:,CIF,DrCIF,PULSAR,QUANT,RISE,RandomIntervals,SummaryIntervals,TSF
AcousticContaminationMadrid_nmv,3.858865972222217,3.2911706018518463,2.431754759565499,2.92407592592592,4.1409435185185135,2.6443692129629612,2.640508981481489,3.6341249999999974
AluminiumConcentration,163.09267779012347,164.92013842857142,294.8960132348828,164.98885049823633,205.47383008112874,181.81288882892414,181.48970582574958,168.86642988271603
AppliancesEnergy,1.902680873015874,2.171729007936509,1.7484800531844207,1.6643640873015881,3.2218257341269836,2.2754408333333336,2.2665818888888873,1.9380584523809536
AustraliaRainfall,1.8865157338657683,1.8997731044140793,2.4189184954048453,2.174160091650895,2.0118463246050067,2.2720688088850065,2.2658548083442525,1.8609693205216196
BarCrawl6min,0.03574811337230404,0.03498548434066979,9835.281137876025,0.03439303351327987,0.036811510252351645,0.034312132780794084,0.03414346542008382,0.03580875858038874
BeijingIntAirportPM25Quality,41.68492254443267,40.97830776247646,40.35163026499392,37.7060986199388,50.73661267066855,39.6229743408663,39.52219387947269,39.39250445798022
BeijingPM10Quality_nmv,49.01853438655573,46.843164027007404,49.8029924842272,42.03171639923403,58.274706542194934,44.93743236595351,44.82882623877443,44.43128958663498
BeijingPM25Quality_nmv,34.86735710017169,32.309958544638135,35.15137434999406,28.42123866877972,44.125194661251975,30.447522791204438,30.38419122820919,30.402255142300575
BenzeneConcentration_nmv,2.552015388790764,2.4670208466898367,1.3899178033821398,1.8170206185075315,4.206162509042938,2.88771881001581,2.88040339745485,2.418315739639561
BinanceCoinSentiment,0.2577504599156118,0.25409338206751053,0.2645331610884559,0.2552394778481013,0.2660824162447258,0.25672976582278484,0.25670377308016884,0.26046599578059065
BitcoinSentiment,0.13781330066666667,0.135936633,0.14420272745185858,0.13610464883333334,0.152418305,0.13621025716666665,0.13603470093333334,0.13754328583333336
BoronConcentration,0.4355220065602837,0.45810173980496455,0.6047478558697833,0.4744482968085106,0.5099021640957447,0.512352258776596,0.5101070213120568,0.4690627747340426
CalciumConcentration,882.6515909930191,917.3503586570678,1018.1401565801051,934.8830372356019,1335.373097729494,1128.0196738568934,1125.0719954233857,1041.7770716605585
CardanoSentiment,0.22676816464646465,0.22428528080808083,0.23441093049129452,0.22464026313131313,0.22838811414141416,0.23474492171717173,0.23355206303030301,0.2312102964646465
ChilledWaterPredictor,881.8243556881694,845.3053866847997,888.6101035729524,792.5744652387724,860.9188670197439,858.2161466328727,859.7895272422502,902.4465439198377
CopperConcentration,0.9320618171075837,0.9344915773368604,1.7748563100145418,0.9446837446208112,1.019943953174603,1.0212626689594355,1.0199158183421517,0.99543315026455
Covid19Andalusia,0.008287294061588658,0.008466106059329272,0.007932649422924353,0.008401167211323496,0.010349596537558656,0.0088038269417744,0.008807249734107497,0.008323424315629213
Covid3Month,0.030724572948524913,0.0311604278463943,0.06662055640700272,0.030282185130331884,0.030007584129198354,0.030820799356283814,0.030782264155800716,0.03055817909757509
DailyOilGasPrices,1.080489983908046,1.0446144823754788,1.1816629651177044,0.9904699844827587,1.312823764559387,1.0909492383141763,1.0933202323371654,0.974442791283525
DailyTemperatureLatitude,1.516417209545067,1.3270245329591823,1.8898644891172571,1.2184610845705774,4.983202877030899,1.4832550311918924,1.4788729152443325,1.3746160304747725
DhakaHourlyAirQuality,7.9187193762301,2.008547828323497,4.67069148474364,1.5139863123993613,3.548597580067994,1.8926519390767615,1.8848266416174633,2.548974816604047
ElectricMotorTemperature,3.880707034352409,3.074458829603034,5.094671391734151,2.615103852277222,7.397804267175255,3.2989542895127943,3.287595641367615,2.7559978186010605
ElectricityPredictor,267.5431065868023,267.6875147235609,263.32686814715413,251.66217195970682,289.3030801263897,227.4809374449629,227.16242383553603,280.9006888706991
EthereumSentiment,0.17049510093457948,0.16997122445482868,0.17501861604268837,0.17081744314641742,0.1798689898753894,0.17485760249221186,0.1746945121495327,0.1742166881619938
FloodModeling1,0.005470131600660144,0.004787371287128795,0.0028307539654420727,0.004447349834983563,0.01196289397689773,0.004692764026402673,0.004673719141914158,0.005760997937293764
FloodModeling2,0.0015917330016578188,0.0011237827529017271,0.0017667330587065276,0.0010759311774462185,0.002266661276948049,0.001189800255786242,0.0011929241111135805,0.0012119116915420077
FloodModeling3,0.005083329710144968,0.004354090579710157,0.002649867887683869,0.0039665670289854875,0.011859678894927585,0.004278155797101413,0.004267897826086918,0.005105471014492765
GasSensorArrayAcetone,0.11161178571428576,0.11104904761904769,0.0929357318981159,0.12390642857142863,0.15211392857142864,0.14754178571428572,0.1475595714285714,0.14232464285714286
GasSensorArrayEthanol,0.10261202380952388,0.10099107142857149,0.08527501623415536,0.10425666666666672,0.14032214285714292,0.1289811904761905,0.1288961904761904,0.11780702380952386
HotwaterPredictor,865.4910887162781,833.0148066008204,783.4386405930676,796.776845444025,1045.7139121080047,828.1194647758122,825.8566136979659,899.8283321445261
HouseholdPowerConsumption1_nmv,101.23359648396497,113.21944101895039,30.497868932633505,33.10837376239064,313.75396135179784,67.66378658794947,67.49051677103981,55.89324483527696
HouseholdPowerConsumption2_nmv,23.25851237560739,22.979551123420798,21.059541994343025,20.733818814382904,31.969815346452865,23.82737221574344,23.772024188921268,23.624570328474245
IEEEPPG,9.903494841333815,9.549356213146643,8.536837932096459,8.390025965624295,15.447136082665184,11.57486590351669,11.547235227856472,11.549372898621026
IronConcentration,41.17762730615943,41.79033058152174,39.42104626955255,41.305579612318844,45.855369335144935,44.779786061594216,44.71706890072461,42.29602271195653
LPGasMonitoringHomeActivity,0.9341090475176684,0.9290873637327938,0.9779830442816035,0.9085145114605009,0.9169502869622737,0.9454752497714369,0.9435879605760272,0.936192287072466
LiveFuelMoistureContent,30.763124757726267,30.747388639072845,32.944239012793176,31.085534587196477,31.0152494089404,31.14167792915747,31.089296760447283,31.062598203642388
MadridPM10Quality_nmv,6.636769956678813,6.663495589901823,6.175435593133354,6.442387858619085,7.863653079625564,6.646567716690331,6.63169892005419,6.539080177456671
MagnesiumConcentration,67.99669859242651,70.35385750149476,73.00819211184434,66.40338093622321,94.18855885226708,94.85664443273542,94.53090278634778,79.87247017389137
ManganeseConcentration,57.10728504347826,57.844873158514496,53.411609082652376,58.08769686141304,64.30736417391304,63.41197112862319,63.25710496666667,60.502180171195654
MethaneMonitoringHomeActivity,0.34851158932664783,0.34041720084998095,0.37858225217586305,0.33953051363443176,0.33753552337067466,0.34816349378042416,0.3473431920945813,0.3438790338172641
MetroInterstateTrafficVolume,472.46334529109595,472.43114042047193,526.6674265106625,467.3902260844749,450.47426869292235,466.5696316210046,466.525590289193,469.64729261796055
NaturalGasPricesSentiment,0.04785015910226061,0.04951878185374157,0.054327072854659944,0.04451586767372273,0.05098856014689644,0.04703778401639914,0.04681217922469723,0.0469318083937685
NewsHeadlineSentiment,0.11073352182858605,0.11219138196722933,0.11212331607740088,0.11300489417678658,0.10891402309454688,0.11218507597625445,0.11203921325563823,0.11130145027959777
OccupancyDetectionLight,55.564864343761236,49.8331496341244,55.85616222133438,41.60732285951867,92.55866322728849,53.096234277302614,52.80361565734321,38.4646071598089
ParkingBirmingham_eq,0.09481192861616584,0.08158233421812548,0.10674607144206637,0.07517846175283843,0.1095848268943175,0.08078328985760926,0.0807049753082596,0.08074942499191227
PhosphorusConcentration,7.736145296296299,7.935557089382716,8.887562899705081,7.6677325479012355,9.453772751604937,9.00933915259259,8.985019772740738,8.216831364691357
PotassiumConcentration,62.3124359750872,63.853905724215245,73.7921447051586,62.52260955879422,80.72783457473844,84.46420037344296,84.23636950622817,71.12054587568511
PrecipitationAndalusia_nmv,0.2645675027442598,0.26888923313468643,0.23901424879304406,0.2634168186904511,0.3115921123928646,0.2752431023099246,0.27492635903309537,0.25542514270619765
SierraNevadaMountainsSnow,26.959822317777782,23.700488435555553,22.21458431016546,21.007371751111112,36.16371709611111,21.315419709999997,21.265213795111105,23.08256883
SodiumConcentration,99.33423679125681,94.83843850473589,138.54302189649522,97.24759452732242,106.45107786092898,96.01582302276871,95.21825238608382,101.88279996493625
SolarRadiationAndalusia_nmv,0.4726337045859414,0.4757960934255159,0.47923835188171016,0.47710149313705297,0.47780487964343915,0.48258317933803113,0.48128387309175047,0.4754690717943765
SteamPredictor,16830.22647620284,16451.717755475012,14590.560016370773,13630.820428279278,17096.590937059766,15104.899242442485,15143.504494929448,16661.14152209115
SulphurConcentration,45.00188800174519,44.171922916230365,56.180167842300484,45.00351222251309,46.0870409790576,47.171374362129136,46.935622368237325,46.77582475916231
TetuanEnergyConsumption,987.8594063729555,965.0383768934672,1003.4547636606313,953.767238842103,1293.4154889369179,985.6520840923929,984.8518074449726,973.7524880849188
VentilatorPressure,0.5596736969090237,0.4712153546255911,0.5277255327033469,0.34713171500175766,1.9046771427529843,0.3983839307419259,0.39717488467168127,0.5978229052263474
WaveDataTension,12.196849977040895,12.067711866781302,12.015821565905393,12.095030122126042,13.55582282784774,12.180854364856424,12.16702482032053,12.200351908115746
WindTurbinePower,139.59477316720756,79.7025406666167,394.5090465101592,35.440927342524525,243.58768075923552,56.23689826744389,56.170664000310204,76.90991934623914
ZincConcentration,0.83702842443281,0.868060369808028,0.835950221485655,0.8544102979930195,0.8720786032286214,0.89310727495637,0.8912732144502618,0.870882662390925
