Estimators:,CIF,DrCIF,HC2,LITETime-MV,MR-Hydra,PULSAR,PatchMTSC,QUANT,RISE,STSF,TSF,r-STSF
Alzheimers,0.3488372093023256,0.4418604651162791,0.3953488372093023,0.37209302325581395,0.5581395348837209,0.5116279069767442,0.32558139534883723,0.3488372093023256,0.46511627906976744,0.4418604651162791,0.3953488372093023,0.4883720930232558
AppliancesEnergy_disc,0.9411764705882353,1.0,0.9705882352941176,0.8235294117647058,0.9117647058823529,0.8823529411764706,1.0,0.9705882352941176,1.0,0.8823529411764706,0.9411764705882353,0.9411764705882353
ArticularyWordRecognition,0.9866666666666667,0.98,0.9933333333333333,0.9833333333333333,0.99,0.99,0.9733333333333334,0.9766666666666667,0.9533333333333334,0.97,0.98,0.98
AsphaltObstaclesCoordinates,0.8286445012787724,0.8184143222506394,0.8567774936061381,0.8465473145780051,0.8670076726342711,0.8388746803069054,0.80306905370844,0.8158567774936062,0.7570332480818415,0.8005115089514067,0.7723785166240409,0.8081841432225064
AsphaltRegularityCoordinates,0.9553805774278216,0.979002624671916,0.952755905511811,0.989501312335958,0.984251968503937,0.979002624671916,0.9763779527559056,0.9763779527559056,0.937007874015748,0.9763779527559056,0.952755905511811,0.9711286089238845
AtrialFibrillation,0.3333333333333333,0.06666666666666667,0.3333333333333333,0.2,0.06666666666666667,0.13333333333333333,0.3333333333333333,0.13333333333333333,0.3333333333333333,0.26666666666666666,0.3333333333333333,0.2
AutomotiveRoadTrials,0.896551724137931,0.896551724137931,0.9310344827586207,0.8103448275862069,0.8103448275862069,0.8275862068965517,1.0,0.8103448275862069,1.0,0.7931034482758621,0.7586206896551724,0.9310344827586207
BIDMC32HR_disc,0.8903709879116298,0.8611921634014172,0.9362234264276782,0.7294706127553147,0.7749062109212171,0.8607753230512714,0.8957899124635265,0.6031679866611088,0.9128803668195081,0.7765735723218008,0.3284701959149646,0.8099208003334722
BIDMC32SpO2_disc,0.7727272727272727,0.824009324009324,0.9201631701631702,0.9306526806526807,0.8636363636363636,1.0,0.9067599067599068,0.8012820512820513,0.993006993006993,0.8607226107226107,0.6439393939393939,0.8543123543123543
BeijingPM10Quality_disc,0.9337047353760446,0.9331476323119777,0.9576601671309192,0.8696378830083565,0.8543175487465181,0.9114206128133705,0.9089136490250697,0.9175487465181058,1.0,0.903899721448468,0.9172701949860724,0.9183844011142062
BeijingPM25Quality_disc,0.934412265758092,0.9432140829074389,0.9670641680863146,0.9179443498012493,0.8940942646223736,0.9304372515616127,0.9278818852924475,0.9369676320272572,0.9980124929017604,0.9244747302668939,0.9284497444633731,0.9327086882453152
BenzeneConcentration_disc,0.9674248806515023,0.9688289806234204,0.9823083403538332,0.9924178601516428,0.5857905082841899,0.9707947205841055,0.9966301600673968,0.9868014602639708,1.0,0.984554900308902,0.9738837405223252,0.990171300196574
Blink,1.0,0.96,1.0,0.436,0.876,1.0,0.968,0.988,0.884,0.992,1.0,1.0
BoneIntensitiesAgeGroup,0.8179775280898877,0.8044943820224719,0.8202247191011236,0.7887640449438202,0.8044943820224719,0.8134831460674158,0.8157303370786517,0.8157303370786517,0.8202247191011236,0.7932584269662921,0.7797752808988764,0.7820224719101123
BoneProbAgeGroup,0.6629213483146067,0.6202247191011236,0.6876404494382022,0.7056179775280899,0.6898876404494382,0.6651685393258427,0.5528089887640449,0.6382022471910113,0.6606741573033708,0.6831460674157304,0.6134831460674157,0.6292134831460674
CharacterTrajectories,0.9853760445682451,0.9832869080779945,0.9930362116991643,0.9958217270194986,0.9930362116991643,0.9909470752089137,0.9895543175487466,0.9846796657381616,0.9665738161559888,0.9867688022284122,0.9867688022284122,0.9846796657381616
CounterMovementJump,0.7430167597765364,0.8324022346368715,0.9217877094972067,0.7094972067039106,0.9217877094972067,0.9050279329608939,0.7094972067039106,0.888268156424581,0.6815642458100558,0.7932960893854749,0.6703910614525139,0.7597765363128491
Cricket,0.9861111111111112,0.9583333333333334,1.0,0.9861111111111112,0.9861111111111112,0.9861111111111112,0.9305555555555556,0.9722222222222222,0.9861111111111112,0.9583333333333334,0.9305555555555556,0.9861111111111112
CrowdSourced,0.5744530698659139,0.5144671841919548,0.5208186309103741,0.5582215949188426,0.5081157374735357,0.43048694424841216,0.43330980945659847,0.5377558221594919,0.5088214537755822,0.4763585038814397,0.5744530698659139,0.46788990825688076
DuckDuckGeese,0.4,0.48,0.36,0.44,0.62,0.6,0.44,0.46,0.38,0.5,0.42,0.56
ERing,0.9629629629629629,0.9814814814814815,0.9888888888888889,0.9333333333333333,0.9962962962962963,0.9851851851851852,0.9481481481481482,0.9740740740740741,0.8962962962962963,0.8703703703703703,0.9037037037037037,0.9740740740740741
EigenWorms,0.8931297709923665,0.9236641221374046,0.916030534351145,0.648854961832061,0.9770992366412213,0.9312977099236641,0.4198473282442748,0.8931297709923665,0.7862595419847328,0.8931297709923665,0.7709923664122137,0.9465648854961832
Epilepsy,0.9782608695652174,0.9927536231884058,1.0,1.0,1.0,1.0,0.9565217391304348,1.0,1.0,1.0,0.9565217391304348,1.0
EthanolConcentration,0.7376425855513308,0.6463878326996197,0.7034220532319392,0.27756653992395436,0.5817490494296578,0.6768060836501901,0.27756653992395436,0.7034220532319392,0.44866920152091255,0.5285171102661597,0.43346007604562736,0.5779467680608364
EyesOpenShut,0.2857142857142857,0.23809523809523808,0.09523809523809523,0.8095238095238095,0.42857142857142855,0.3333333333333333,0.0,0.42857142857142855,0.047619047619047616,0.38095238095238093,0.38095238095238093,0.23809523809523808
FaceDetection,0.6328036322360954,0.6032917139614075,0.6543700340522134,0.6328036322360954,0.6288308740068105,0.5936435868331441,0.5641316685584563,0.6146424517593644,0.492622020431328,0.6526674233825198,0.6367763904653803,0.6339387060158911
FordChallenge,0.9807564698075647,0.9754479097544791,0.9781021897810219,0.878345498783455,0.9183808891838089,0.9834107498341075,0.8902897589028976,0.9672638796726388,1.0,0.967042689670427,0.9736783897367839,0.9657155496571554
HandMovementDirection,0.5405405405405406,0.4864864864864865,0.40540540540540543,0.35135135135135137,0.3783783783783784,0.40540540540540543,0.44594594594594594,0.527027027027027,0.22972972972972974,0.5405405405405406,0.6081081081081081,0.4594594594594595
Handwriting,0.36823529411764705,0.3352941176470588,0.6141176470588235,0.6376470588235295,0.5188235294117647,0.4235294117647059,0.3458823529411765,0.33176470588235296,0.14,0.3635294117647059,0.36,0.3729411764705882
Heartbeat,0.9256756756756757,0.8986486486486487,0.9662162162162162,0.7635135135135135,0.8716216216216216,0.9324324324324325,0.8040540540540541,0.8851351351351351,0.9864864864864865,0.8716216216216216,0.8445945945945946,0.9256756756756757
HouseholdPowerConsumption1_disc,0.956268221574344,0.9446064139941691,0.9008746355685131,0.9169096209912536,0.8979591836734694,0.9737609329446064,0.89067055393586,0.9723032069970845,0.7842565597667639,0.9825072886297376,0.9737609329446064,0.9591836734693877
HouseholdPowerConsumption2_disc,0.7682215743440233,0.7740524781341108,0.7871720116618076,0.7376093294460642,0.7813411078717201,0.7784256559766763,0.7274052478134111,0.7813411078717201,0.7230320699708455,0.7667638483965015,0.7463556851311953,0.7463556851311953
IEEEPPG_disc,0.4322289156626506,0.3057228915662651,0.6265060240963856,0.3757530120481928,0.526355421686747,0.28012048192771083,0.5579819277108434,0.26957831325301207,0.2944277108433735,0.44728915662650603,0.3313253012048193,0.2936746987951807
IRDS-SFL,0.8043478260869565,0.8260869565217391,0.7717391304347826,0.5543478260869565,0.5434782608695652,0.7608695652173914,0.5760869565217391,0.8043478260869565,0.043478260869565216,0.75,0.7934782608695652,0.8043478260869565
JapaneseVowels,0.9702702702702702,0.9702702702702702,0.9405405405405406,0.9945945945945946,0.9837837837837838,0.9702702702702702,0.9864864864864865,0.9594594594594594,0.9081081081081082,0.9,0.9594594594594594,0.9675675675675676
KERAAL-RTK,1.0,1.0,0.875,0.75,0.875,1.0,0.125,0.75,0.5,1.0,1.0,0.875
KIMORE-PR-C,0.16666666666666666,0.3333333333333333,0.0,0.6666666666666666,0.6666666666666666,0.3333333333333333,0.5,0.5,0.0,0.16666666666666666,0.16666666666666666,0.3333333333333333
KINECAL-QSEO,1.0,1.0,1.0,0.875,1.0,1.0,1.0,1.0,1.0,1.0,1.0,1.0
LSST,0.6293592862935928,0.6321978913219789,0.6751824817518248,0.2562854825628548,0.6346309813463098,0.6439578264395782,0.6581508515815085,0.6451743714517437,0.4805352798053528,0.6678832116788321,0.6253041362530414,0.6224655312246553
Libras,0.9055555555555556,0.9166666666666666,0.9277777777777778,0.9222222222222223,0.9333333333333333,0.9166666666666666,0.8277777777777777,0.8888888888888888,0.8166666666666667,0.8722222222222222,0.8777777777777778,0.9111111111111111
Locust2022,0.9713905522288756,0.9700598802395209,0.9627411842980705,0.9547571523619428,0.9720558882235529,0.9996673320026613,0.999001996007984,0.9727212242182302,0.9680638722554891,0.969061876247505,0.9664005322687957,0.9723885562208916
LowCost,0.78,0.8033333333333333,0.7533333333333333,0.7433333333333333,0.6833333333333333,0.76,0.7366666666666667,0.51,0.6966666666666667,0.7833333333333333,0.8133333333333334,0.7033333333333334
MindReading,0.5803981623277182,0.5788667687595712,0.5880551301684533,0.7243491577335375,0.6401225114854517,0.5467075038284839,0.5957120980091883,0.5911179173047473,0.3675344563552833,0.6171516079632465,0.5252679938744257,0.5865237366003063
MotionSenseHAR,0.9886792452830189,1.0,1.0,0.9811320754716981,1.0,1.0,0.9886792452830189,0.9886792452830189,0.9962264150943396,1.0,0.9773584905660377,1.0
MotorImagery,0.02,0.3,0.46,0.98,0.02,0.82,0.04,0.08,0.44,1.0,0.76,1.0
NATOPS,0.8777777777777778,0.8666666666666667,0.9277777777777778,0.9666666666666667,0.9111111111111111,0.9333333333333333,0.9444444444444444,0.8666666666666667,0.7944444444444444,0.8111111111111111,0.8944444444444445,0.8555555555555555
PEMS-SF,1.0,0.9884393063583815,1.0,0.7283236994219653,0.815028901734104,0.976878612716763,0.7803468208092486,0.9826589595375722,0.930635838150289,0.9826589595375722,0.9826589595375722,0.9884393063583815
PhonemeSpectra,0.2567849686847599,0.30062630480167013,0.31404712198031615,0.31673128541604534,0.3313450641216821,0.343871160155085,0.21890844020280345,0.27945123769758423,0.25320608410378764,0.2606620936474799,0.17238294065016405,0.2812406799880704
PhotoStimulation,0.3611111111111111,0.3611111111111111,0.4166666666666667,0.19444444444444445,0.3888888888888889,0.3611111111111111,0.3888888888888889,0.3333333333333333,0.3888888888888889,0.3888888888888889,0.4166666666666667,0.4166666666666667
RacketSports,0.881578947368421,0.8947368421052632,0.9013157894736842,0.881578947368421,0.868421052631579,0.8947368421052632,0.881578947368421,0.9013157894736842,0.7960526315789473,0.8552631578947368,0.881578947368421,0.868421052631579
SelfRegulationSCP1,0.7891156462585034,0.8163265306122449,0.8843537414965986,0.6122448979591837,0.9047619047619048,0.9047619047619048,0.7482993197278912,0.6462585034013606,0.5986394557823129,0.8843537414965986,0.7891156462585034,0.7687074829931972
Skoda,0.949770074283693,0.9437566324725858,0.960382030420941,0.9621506897771489,0.949770074283693,0.9380969225327201,0.9363282631765122,0.9568447117085249,0.7368234877962504,0.9465864874425186,0.9543685886098338,0.9515387336399009
SpokenArabicDigits,0.9768076398362893,0.9758981355161437,0.9881764438381082,0.9927239654388358,0.9909049567985448,0.9758981355161437,0.9827194179172352,0.9740791268758526,0.9063210550250114,0.9631650750341064,0.9745338790359254,0.9745338790359254
StandWalkJump,0.4666666666666667,0.4,0.4,0.4666666666666667,0.6,0.4,0.5333333333333333,0.2,0.5333333333333333,0.5333333333333333,0.4,0.5333333333333333
TactileTextureRecognition,0.9985315712187959,0.9985315712187959,1.0,1.0,0.9985315712187959,1.0,0.986784140969163,0.9985315712187959,0.9955947136563876,0.9911894273127754,0.9897209985315712,1.0
UCDHE-Rowing-MC,0.8068181818181818,0.7477272727272727,0.7886363636363637,0.725,0.7977272727272727,0.8159090909090909,0.8295454545454546,0.7886363636363637,0.5409090909090909,0.6977272727272728,0.759090909090909,0.7204545454545455
UCIActivity,0.9541857559350271,0.9591836734693877,0.9862557267805081,0.9983340274885465,0.9933361099541858,0.9691795085381091,0.9845897542690546,0.9695960016659725,0.8717201166180758,0.9616826322365681,0.920033319450229,0.9641815910037485
UIPRMD-DS-C,0.8333333333333334,0.6666666666666666,1.0,1.0,1.0,0.8888888888888888,0.8333333333333334,0.6666666666666666,0.9444444444444444,0.8333333333333334,0.6111111111111112,0.6666666666666666
UWaveGestureLibrary,0.925,0.925,0.940625,0.915625,0.93125,0.91875,0.8875,0.896875,0.690625,0.89375,0.865625,0.890625
WISDM,0.8284720880819008,0.8709677419354839,0.8810121692099672,0.8514583735754297,0.8964651342476337,0.8767626038246088,0.8701950936836006,0.8781147382654046,0.7861695962912884,0.8642070697315047,0.771682441568476,0.889318137917713
