Estimators:,CIF,DrCIF,HC2,MR-Hydra,PULSAR,QUANT,RISE,STSF,TSF,r-STSF
ACSF1,0.7913333333333333,0.7816666666666666,0.8446666666666669,0.8356666666666666,0.8386666666666669,0.8119999999999999,0.7740000000000001,0.7596666666666667,0.6723333333333333,0.8236666666666665
Adiac,0.7779457304457302,0.7993339018339018,0.7901212601212602,0.8328823203823205,0.8204258079258079,0.8133666683666683,0.7564890177390179,0.7799960474960473,0.723679956179956,0.7959297896797897
ArrowHead,0.8127943365843284,0.814252726886033,0.8965575912253517,0.8946586455200073,0.8570868653723454,0.83170479749643,0.8224652872725066,0.7820223012183636,0.7768267857685413,0.8137422902804362
BME,0.9988888888888887,0.9977777777777778,0.9979999999999999,1.0,1.0,0.9997777777777778,0.8439999999999999,1.0,0.9928888888888888,0.9993333333333332
Beef,0.7666666666666665,0.7577777777777779,0.7200000000000001,0.7633333333333333,0.7866666666666667,0.7755555555555556,0.7444444444444444,0.7533333333333332,0.7088888888888889,0.7677777777777778
BeetleFly,0.8450000000000002,0.8816666666666665,0.9216666666666665,0.9099999999999999,0.9016666666666665,0.8716666666666664,0.8566666666666668,0.8116666666666666,0.7883333333333334,0.8599999999999999
BirdChicken,0.8816666666666667,0.9566666666666666,0.9483333333333334,0.9083333333333332,0.9616666666666666,0.9549999999999998,0.875,0.9516666666666665,0.8150000000000001,0.9616666666666666
CBF,0.9911647809861507,0.9894149386063249,0.9984814814814815,0.9929661021971347,0.9926082871172875,0.9911552184212302,0.9537271450747606,0.9616766638188033,0.9727000261740028,0.9873840170674252
Car,0.8386109504530557,0.8697609408135725,0.9255494505494505,0.9350130133024869,0.922635916714864,0.9037931366878738,0.7826417004048584,0.8460237131289764,0.7974575862733756,0.8622541931752459
Chinatown,0.9814933492836595,0.9825279842775356,0.9766811928565325,0.9731949072887293,0.9777393260987213,0.9813431029080864,0.9611168076561565,0.9782057307243158,0.9776196986527672,0.9805883106895671
ChlorineConcentration,0.6346708231276019,0.64815825257538,0.6968646610957586,0.7310113462638146,0.7205731189541642,0.65925046718581,0.6607883255451283,0.6990898971192259,0.6370971721988917,0.6696854610139814
CinCECGTorso,0.9804435159919913,0.9837511427439741,0.9926695450545915,0.977407808316018,0.9943932409402685,0.9734413902497544,0.9504318298457374,0.9570752966909041,0.9756496970514623,0.9732484050755895
Coffee,0.9966666666666666,0.9966666666666666,1.0,1.0,1.0,1.0,0.9886324786324785,0.9944444444444444,0.9917094017094017,0.9966666666666666
Computers,0.8044,0.8256,0.8601333333333334,0.8674666666666665,0.8349333333333335,0.8353333333333334,0.7526666666666666,0.8065333333333335,0.7689333333333334,0.8073333333333333
CricketX,0.7746752647604597,0.7801788848364776,0.851483270109275,0.8354723159431455,0.7967560778716481,0.7804645419537511,0.7157433188086588,0.7414034644235915,0.7246279012058444,0.770172835298076
CricketY,0.7825725638880164,0.7942673743768097,0.8459302929602956,0.8470260018033688,0.8066831511374876,0.7770219077053162,0.7257910660271024,0.7483738172230084,0.7227175020872163,0.7657879354704564
CricketZ,0.7792363059783757,0.7784053758127356,0.8505547508097293,0.8384573874826501,0.8008680458363968,0.7792345391347706,0.7154468885625863,0.7370501475512751,0.7179926609657257,0.7665586854039557
Crop,0.7719424603174603,0.7765912698412699,0.7628710317460319,0.7783829365079367,0.7735972222222224,0.7756190476190475,0.7447420634920635,0.771251984126984,0.7577301587301588,0.7727281746031747
DiatomSizeReduction,0.8480265770564104,0.8410426536409423,0.8392178024462945,0.8932368317775347,0.887367546884198,0.8193645520888815,0.8053825057973915,0.8420796190396096,0.8693023572030877,0.8450055013595716
DistalPhalanxOutlineAgeGroup,0.7778386208894684,0.7817605871843161,0.7849901009223044,0.7796445989666327,0.7717427205562798,0.7795702351634556,0.7673542904051378,0.7770013037809649,0.7779612728765272,0.7783311603650588
DistalPhalanxOutlineCorrect,0.8096894409937889,0.82296066252588,0.8148654244306417,0.8300621118012422,0.833664596273292,0.8233540372670808,0.7874327122153207,0.823064182194617,0.7957349896480331,0.8162732919254658
DistalPhalanxTW,0.5185427957357781,0.5075054088211982,0.5315892562603088,0.5359351459132161,0.5280367496376269,0.5102756892230575,0.48037811765881944,0.5284248280958808,0.5111082103406664,0.5002538397275239
ECG200,0.8328414351851852,0.854369212962963,0.8739293981481482,0.8860243055555554,0.873900462962963,0.8645833333333334,0.8114293981481482,0.8529803240740741,0.8300636574074073,0.8621238425925924
ECG5000,0.5173708939292411,0.5089327976156917,0.5400627889728743,0.5602203735585266,0.5313653495344156,0.5172457788217801,0.42565433601520836,0.5241519123548455,0.5275176334727263,0.5119901915442534
ECGFiveDays,0.9526160490096625,0.9832576100954724,0.9919111034368638,0.9908119473642558,0.9917386127358933,0.9867638118466397,0.9727597792694597,0.9846263840625069,0.9417697294108337,0.9861916607311161
EOGHorizontalSignal,0.7861193507189058,0.7990941581180737,0.817731018003543,0.871237486095662,0.8522594034523957,0.8385628064104149,0.6524628187698267,0.7441763482058257,0.695140691303094,0.7666774811518973
EOGVerticalSignal,0.7467101305977834,0.7668525728175338,0.7792349524162651,0.8072693939768467,0.8065840645985252,0.7806082890454416,0.6167977794256992,0.7282423886622996,0.6640257693733778,0.7498662093684342
Earthquakes,0.4998351648351648,0.4996794871794872,0.49903846153846154,0.5227380952380952,0.518452380952381,0.5292948717948718,0.5,0.5370650183150183,0.500467032967033,0.5144047619047619
ElectricDevices,0.8456510960031031,0.8512640334051276,0.8692141358126652,0.8764631788060172,0.8625094021184729,0.8410262839019556,0.6744853801708344,0.8336349374444029,0.7543323436981412,0.8439204394715779
EthanolLevel,0.7956263867554191,0.7785980969448711,0.8257787165045231,0.7217837941628265,0.8089307048984467,0.8286770353302609,0.5944455111793822,0.7284882232462877,0.6630621693121693,0.7541880013654206
FaceAll,0.956248416791069,0.9582656874862471,0.9897502349992803,0.9876927250558463,0.9838243463343895,0.9526324253553548,0.9619876450082098,0.9501384633699135,0.9480409862227123,0.9601333560015515
FaceFour,0.9601273726273728,0.9555652680652682,0.9813811188811189,0.9142191142191144,0.9285839160839161,0.9253205128205128,0.9316433566433565,0.9444930069930069,0.9116300366300366,0.9426739926739928
FacesUCR,0.861307476623548,0.8590436342529519,0.9563041542362231,0.9546312070351378,0.9339064422038399,0.8512771061764999,0.8162436967221182,0.8407600328266962,0.8702723061854553,0.8737287119599453
FiftyWords,0.6474935607495361,0.6348575319898538,0.7423899850934527,0.763483321822656,0.6236072880227215,0.6381694840923322,0.46950133269322136,0.5790508033532801,0.5998979493668812,0.621102699061631
Fish,0.9249112518570646,0.9395335124645467,0.9822622139764997,0.9833053440812062,0.9691164139637046,0.9436888092750162,0.8786159128228096,0.9073665970045279,0.8412383049353493,0.9215924089594041
FordA,0.9023567247833549,0.9654818123950096,0.9555973793486979,0.9552831263974777,0.9860193630374183,0.9682552814028895,0.9398119997518148,0.9426596945024692,0.8111128346190702,0.9776087590972494
FordB,0.8799905289750359,0.9207256918827623,0.9328939265528112,0.9314018336392108,0.9383666953236306,0.9169808770656894,0.9162989022960121,0.9110651447989642,0.7861027951718097,0.9219874112599512
FreezerRegularTrain,0.9993099415204678,0.9994269005847953,0.9997192982456141,0.998514619883041,0.9966315789473685,0.9994502923976608,0.9666666666666668,0.9979649122807018,0.9986783625730996,0.9993099415204678
FreezerSmallTrain,0.9990526315789474,0.9989239766081872,0.9958830409356725,0.9881052631578945,0.9754736842105263,0.9947134502923978,0.9214385964912281,0.9836140350877194,0.9815555555555557,0.9830994152046784
GunPoint,0.9840742057847321,0.9874229492650545,0.9984649122807017,0.9966868183973446,0.9899537695590327,0.9920222854433379,0.9763809862494071,0.9731685633001422,0.9734293504030347,0.9844594594594593
GunPointAgeSpan,0.9843082264957264,0.9910336538461539,0.996655982905983,0.996955128205128,0.9928579059829059,0.9900908119658121,0.9859321581196581,0.9728846153846153,0.9808894230769231,0.9891185897435898
GunPointMaleVersusFemale,0.9957991967871486,0.9992543507362783,0.9997884872824633,1.0,0.9996666666666666,0.9987737617135207,0.9968487282463185,0.9925435073627844,0.9980066934404284,0.9997777777777778
GunPointOldVersusYoung,1.0,1.0,0.9997777777777778,1.0,1.0,1.0,1.0,1.0,1.0,1.0
Ham,0.8265068990559186,0.82539941902687,0.8614560639070443,0.8509440813362384,0.8446986201888165,0.8179012345679014,0.8238380537400142,0.8177923021060275,0.7960239651416122,0.8219317356572259
HandOutlines,0.9068515169780991,0.904424563518501,0.9217426477586369,0.9392442075653269,0.9279564946120575,0.9091558008946417,0.8640530651523323,0.8972409927773018,0.8953523048126646,0.8811485464716645
Haptics,0.5092550012333618,0.516098124769199,0.5547153917849871,0.5338763710548174,0.5269298636977784,0.5175220485217591,0.4736925425473451,0.4900913964053685,0.4681336860529808,0.5029915392354417
Herring,0.5869770580296895,0.5774628879892039,0.587280701754386,0.608468286099865,0.5600202429149798,0.5698717948717948,0.5099865047233467,0.5790823211875843,0.5887314439946019,0.5528340080971661
HouseTwenty,0.9400048309178745,0.9506231884057968,0.9807681159420288,0.980719806763285,0.9684009661835749,0.967048309178744,0.9467198067632849,0.9252608695652176,0.8355217391304349,0.957304347826087
InlineSkate,0.47428093983321157,0.5648318488318879,0.5366609614432432,0.5277117045124585,0.6598182016149684,0.6005101715480349,0.36771193792472356,0.5385067204056294,0.37768775992945297,0.6333593327706255
InsectEPGRegularTrain,1.0,1.0,1.0,1.0,1.0,1.0,0.9966370729082593,1.0,1.0,1.0
InsectEPGSmallTrain,1.0,0.9988476369832303,1.0,0.9895829365835078,0.9995291902071562,1.0,0.9649896870235853,1.0,1.0,1.0
InsectWingbeatSound,0.6575420875420875,0.662070707070707,0.661969696969697,0.6678787878787878,0.6636531986531987,0.6557744107744109,0.6437878787878788,0.6444949494949495,0.6356060606060605,0.6528956228956229
ItalyPowerDemand,0.9593982803693125,0.9642118863049096,0.9628297973616211,0.9647373709899211,0.9635407694516223,0.961558018646962,0.9497166689333153,0.9616866509512366,0.9558334088882844,0.9653147997038245
LargeKitchenAppliances,0.8766222222222222,0.8750222222222223,0.9370666666666666,0.9411555555555555,0.8992000000000001,0.8767111111111113,0.6762666666666667,0.8484444444444444,0.6507555555555555,0.8551111111111112
Lightning2,0.7396645021645022,0.738437950937951,0.7557178932178933,0.7436688311688312,0.7200396825396825,0.7652597402597402,0.702435064935065,0.7351190476190476,0.7483405483405483,0.7598124098124097
Lightning7,0.736816843696543,0.7368154513267294,0.7862036042487172,0.7936909734654094,0.7629772844810441,0.7358616780045352,0.6496397740382703,0.7128255161713809,0.7200909018578192,0.746260492501094
Mallat,0.9673305166384583,0.9658558839665757,0.978400045676543,0.9532421588270151,0.9742888188441774,0.9616126603347271,0.9537794589280835,0.9475815644594016,0.9226641333369152,0.9722423924827203
Meat,0.9794444444444443,0.9816666666666667,0.9838888888888887,0.9827777777777779,0.9888888888888887,0.9844444444444442,0.9777777777777777,0.9788888888888889,0.9766666666666666,0.981111111111111
MedicalImages,0.6722297835990899,0.7110388175007348,0.7330244431549378,0.7437012589322496,0.6987826701510929,0.7316652230248355,0.3494814026140299,0.7438001053922214,0.675818740185592,0.7470221073437239
MiddlePhalanxOutlineAgeGroup,0.6496022668436461,0.6581821241303999,0.6463848644883129,0.6359101264273678,0.624424816666196,0.6553047953910022,0.6527791898481554,0.6405479539100227,0.6334062903028421,0.6519967851864406
MiddlePhalanxOutlineCorrect,0.7837397590361445,0.7996819277108435,0.8146562248995983,0.838,0.8434409638554218,0.8059799196787147,0.7573092369477912,0.8148497991967872,0.772617670682731,0.8126481927710842
MiddlePhalanxTW,0.39486056214317083,0.40970992534036016,0.39663197189284155,0.3909382297788095,0.3979889683585336,0.4056214561069634,0.39680022446689117,0.4165535235027989,0.38881716056353727,0.4016607378129117
MixedShapesRegularTrain,0.9497185052246606,0.9539242951788178,0.9737108708622567,0.9815647826867819,0.9753253024565183,0.9663753933803052,0.9359644604774713,0.9403256310552839,0.9261927682686092,0.9508176224069633
MixedShapesSmallTrain,0.9163577452826068,0.916335987888544,0.9542603798661967,0.9588696395964826,0.9462986785825971,0.9340211797587603,0.9006140501523566,0.8781466682366781,0.8537336720940648,0.9139681941740593
MoteStrain,0.906030896292017,0.9097407193444165,0.9274612833515203,0.9023808973618332,0.9092124868947515,0.9234082632603721,0.8963654920084729,0.8677020775830713,0.86765731647303,0.9188067270043008
NonInvasiveFetalECGThorax1,0.9286446203380316,0.9287204881279455,0.952544987998711,0.9581409520016511,0.9536286553723918,0.9333676096378535,0.9000683073398724,0.9096927735903091,0.8953840286113358,0.9242100076808099
NonInvasiveFetalECGThorax2,0.9438306323725009,0.9444715319978266,0.9621573141489596,0.9651745448390902,0.9609602676963237,0.9514089254538189,0.917528067267984,0.9270683829312631,0.9235445550576853,0.9385278835963823
OSULeaf,0.72651881130142,0.8511914564903694,0.9669295112094025,0.9674463122425079,0.942019979818893,0.870204464416421,0.6327264623460274,0.7072093802936195,0.6482873049856744,0.8527611911035824
OliveOil,0.8836111111111112,0.8631944444444444,0.8694444444444446,0.875,0.8561111111111113,0.8861111111111112,0.88,0.8603703703703703,0.8732870370370368,0.8923611111111112
PhalangesOutlinesCorrect,0.7998018690732512,0.8165065203780905,0.8133633392887137,0.8375068715928352,0.8358164597553713,0.8217947836975277,0.7482393452135537,0.8212975476048681,0.7768526577794065,0.8123263014033321
Phoneme,0.19367192231343447,0.22170429945827877,0.23468757477633717,0.21177662187585758,0.23925770666947252,0.21624592205362433,0.15549624569672632,0.1643476828861852,0.09190288641556865,0.20866039932055377
PigAirwayPressure,0.4709935897435898,0.3219551282051283,0.9607371794871794,0.7235576923076922,0.5969551282051282,0.463301282051282,0.14839743589743593,0.24903846153846157,0.32884615384615384,0.31057692307692303
PigArtPressure,0.8693910256410257,0.8711538461538461,0.9767628205128207,0.9282051282051282,0.9243589743589744,0.8830128205128206,0.7751602564102563,0.5830128205128206,0.3926282051282051,0.74375
PigCVP,0.5825320512820513,0.6238782051282052,0.9349358974358976,0.8535256410256409,0.7677884615384615,0.6514423076923077,0.5705128205128205,0.47259615384615383,0.2975961538461539,0.6174679487179486
Plane,0.9970588235294117,1.0,1.0,1.0,1.0,1.0,0.9965079365079366,0.9937188208616781,0.9912301587301587,0.9996825396825397
PowerCons,0.9868518518518515,0.9885185185185185,0.9716666666666668,0.9803703703703701,0.9948148148148147,0.9911111111111112,0.9409259259259258,1.0,0.9914814814814814,1.0
ProximalPhalanxOutlineAgeGroup,0.8126518122400477,0.8150662507427213,0.8141749851455735,0.8018775995246583,0.8185160427807487,0.8047765894236483,0.8212456922162805,0.8075124777183599,0.7996372549019609,0.8081503267973855
ProximalPhalanxOutlineCorrect,0.8207595950768334,0.8472980846260286,0.8446425970431869,0.8735407108003787,0.8671755516714005,0.8598681814871459,0.7914272449202534,0.8540929284101667,0.8041957978297283,0.8509758939625665
ProximalPhalanxTW,0.5816332030324567,0.5822482823975361,0.5339389362710258,0.546801376714312,0.5819385216773277,0.5765334044065388,0.5231002724472874,0.6076480691779198,0.5971811906078076,0.5957160625444208
RefrigerationDevices,0.6807111111111113,0.7289777777777778,0.7874666666666668,0.7487111111111111,0.7839111111111112,0.7465777777777779,0.6522666666666666,0.6972444444444446,0.6246222222222221,0.7304
Rock,0.8588624338624339,0.8396164021164021,0.891005291005291,0.8917989417989418,0.8673941798941799,0.7878306878306879,0.8376984126984126,0.8399470899470901,0.7661375661375662,0.8736772486772488
ScreenType,0.6519999999999999,0.6514666666666667,0.732711111111111,0.6778666666666665,0.6827555555555554,0.6748444444444446,0.5617777777777778,0.6189333333333332,0.5783111111111111,0.6322666666666665
SemgHandGenderCh2,0.9563308913308912,0.944139194139194,0.9596764346764347,0.9439987789987789,0.9606532356532357,0.9536996336996337,0.8969780219780219,0.9498840048840047,0.9636691086691087,0.9684737484737483
SemgHandMovementCh2,0.8957777777777778,0.8816296296296298,0.8853333333333333,0.7724444444444444,0.8595555555555556,0.8534074074074074,0.697851851851852,0.8508888888888888,0.8891111111111111,0.8801481481481481
SemgHandSubjectCh2,0.9480000000000002,0.9408888888888889,0.9462962962962964,0.9248148148148148,0.9510370370370371,0.9252592592592593,0.819925925925926,0.9336296296296296,0.9317037037037038,0.945777777777778
ShapeletSim,0.9372222222222223,0.961111111111111,1.0,1.0,0.9998148148148148,0.9844444444444446,0.7407407407407407,0.9722222222222221,0.5025925925925927,0.9811111111111113
ShapesAll,0.8509999999999998,0.8716666666666667,0.9259999999999999,0.9465555555555555,0.9275000000000001,0.885388888888889,0.8293888888888887,0.8441666666666665,0.7957222222222221,0.8753333333333334
SmallKitchenAppliances,0.8370666666666665,0.8422222222222222,0.8416888888888889,0.8353777777777778,0.8463111111111112,0.8352888888888891,0.7728,0.8344,0.8149333333333334,0.8334222222222222
SmoothSubspace,0.9937777777777776,0.9911111111111109,0.9835555555555556,0.9835555555555555,0.9768888888888888,0.9917777777777775,0.9744444444444442,0.9851111111111109,0.995111111111111,0.9842222222222223
SonyAIBORobotSurface1,0.8927740863787376,0.9297506045607613,0.9565963040808794,0.9498152417113024,0.9358657084096097,0.9167694984970733,0.8617772579685251,0.9044694178889717,0.8932825954301987,0.9198781838316722
SonyAIBORobotSurface2,0.8988506818252414,0.9124107725281895,0.9393141366135496,0.9429908675799086,0.9344996583108129,0.9192993041965642,0.8951545367005249,0.887203041033765,0.8619629267232006,0.9077627123908925
StarLightCurves,0.9585960634178139,0.9599941241749949,0.9610158877439783,0.9601623810656563,0.9616062034696692,0.9601232234193918,0.9421097028199176,0.9558838486788753,0.9374303460564202,0.9551065887696507
Strawberry,0.9756801205330617,0.9757501485442662,0.9815147271029624,0.9811921738392326,0.9792982344452934,0.9767178083354556,0.9737172141583909,0.9708959341312282,0.9696799932094051,0.9766477803242509
SwedishLeaf,0.9425962825155373,0.9578831237205977,0.9625371524274217,0.9737972212351095,0.9719209157356157,0.9591618701649757,0.9316246340490649,0.930602858499339,0.8990316816953309,0.9528612567846522
Symbols,0.9637748671633177,0.9544334957891228,0.9726401776698846,0.9723079640637903,0.9566593531651313,0.9521819632814795,0.9207655008989782,0.9157662970186001,0.8750669945235868,0.9357021947184795
SyntheticControl,0.991222222222222,0.9948888888888887,0.9985555555555554,0.9924444444444444,0.9957777777777778,0.9934444444444442,0.667,0.9737777777777776,0.9896666666666666,0.9927777777777778
ToeSegmentation1,0.8399382716049382,0.8920679012345679,0.9550154320987656,0.9301851851851853,0.9033796296296296,0.8494753086419755,0.8715586419753085,0.8403703703703704,0.6708179012345679,0.8741820987654322
ToeSegmentation2,0.85708857442348,0.885036687631027,0.9667059748427673,0.9337264150943396,0.8847877358490565,0.855175576519916,0.9032363731656186,0.8758909853249476,0.7459905660377358,0.8837788259958071
Trace,1.0,1.0,1.0,1.0,1.0,1.0,0.9630520266182698,0.9945175438596491,0.9983836206896551,1.0
TwoLeadECG,0.9234030668352192,0.9778840995282582,0.9982748024131799,0.9968124543931592,0.987597303158306,0.9851696317536666,0.9195129960225696,0.9438207998026699,0.8941061059209241,0.961409367002744
TwoPatterns,0.9990400569394495,0.9989828549994215,1.0,1.0,0.999820582175856,0.9996762799334508,0.4083542018940266,0.9969695789273578,0.9901496522471385,0.9970604646445728
UMD,0.9337962962962963,0.9180555555555556,0.9858796296296298,0.9851851851851855,0.9837962962962965,0.970138888888889,0.5706018518518517,0.8847222222222221,0.8956018518518519,0.9539351851851852
UWaveGestureLibraryAll,0.9720924833897696,0.9697530128926156,0.9751729805434899,0.9836042815844405,0.977565595480751,0.9678901606028685,0.9046846473475598,0.9596222795791225,0.9595173400375594,0.9600968518407782
UWaveGestureLibraryX,0.8403766869022681,0.8450404908528524,0.8619393058065982,0.8766472132660863,0.8629913617753426,0.850806107063012,0.6258290924150048,0.8271442015853023,0.8033946176038739,0.8338952430130975
UWaveGestureLibraryY,0.765605656039498,0.7731881013169344,0.789583418998142,0.814091007019375,0.7932207387636215,0.775325719625883,0.6527173811575707,0.745809994540053,0.727405264108656,0.7611343287385274
UWaveGestureLibraryZ,0.7817248323838798,0.7900447944503505,0.8020743405995874,0.8234462702212536,0.79992207779077,0.7924657258237919,0.6601259154455037,0.7724380130095599,0.7449323063999409,0.7754110577330059
Wafer,0.9973807769104522,0.9980200501253135,1.0,0.9985213032581456,0.996539138353248,0.9986967418546369,0.9850149787999732,0.998997493734336,0.9910128795347162,0.9995238095238096
Wine,0.9055555555555553,0.9104938271604938,0.937037037037037,0.9376543209876544,0.926543209876543,0.9135802469135802,0.911111111111111,0.8975308641975308,0.8962962962962961,0.9185185185185183
WordSynonyms,0.5228720106825985,0.49967839012434123,0.6264093584156651,0.6514907604839361,0.5068385409348845,0.5191677817647126,0.3460446430628906,0.47377915747763627,0.4733280218748273,0.47134036152018427
Worms,0.6592672882672884,0.7049879564879566,0.7048671328671328,0.7112214452214453,0.7287797202797203,0.7026693861693862,0.56858547008547,0.662750971250971,0.5488247863247864,0.6889735819735818
WormsTwoClass,0.7789141414141415,0.7753787878787878,0.7845959595959596,0.7747474747474749,0.7880050505050507,0.7906565656565656,0.7628787878787879,0.7477272727272727,0.6732323232323232,0.7674242424242425
Yoga,0.8797179440331415,0.8923375359030613,0.9280003001941881,0.9351265319991966,0.9065148467319559,0.8932021502599972,0.8292376482227418,0.8836158747332538,0.8688579055528926,0.8901378912817564
